clip_time_s,warden_health,golems_alive,golems_total_health,event
1.0,500.0,10,1000.0,
1.094,500.0,10,1000.0,
1.194,500.0,10,1000.0,
1.288,500.0,10,1000.0,
1.39,500.0,10,1000.0,
1.491,500.0,10,1000.0,
1.592,500.0,10,1000.0,
1.693,500.0,10,1000.0,
1.793,500.0,10,1000.0,
1.894,500.0,10,1000.0,
1.987,500.0,10,1000.0,
2.088,500.0,10,1000.0,
2.191,500.0,10,1000.0,
2.292,500.0,10,1000.0,
2.386,500.0,10,1000.0,
2.487,500.0,10,1000.0,
2.587,500.0,10,1000.0,
2.688,500.0,10,1000.0,
2.789,500.0,10,1000.0,
2.889,500.0,10,1000.0,
2.99,500.0,10,1000.0,
3.091,500.0,10,1000.0,
3.192,500.0,10,1000.0,
3.286,500.0,10,1000.0,
3.395,500.0,10,1000.0,
3.488,500.0,10,1000.0,
3.589,500.0,10,1000.0,
3.691,500.0,10,1000.0,
3.791,500.0,10,1000.0,
3.892,500.0,10,1000.0,
3.987,500.0,10,1000.0,
4.088,500.0,10,1000.0,
4.198,500.0,10,1000.0,
4.291,500.0,10,1000.0,
4.393,500.0,10,1000.0,
4.487,500.0,10,1000.0,
4.588,500.0,10,1000.0,
4.69,500.0,10,1000.0,
4.793,500.0,10,1000.0,
4.887,500.0,10,1000.0,
4.991,500.0,10,1000.0,
5.093,500.0,10,1000.0,
5.194,500.0,10,1000.0,
5.288,481.5,10,1000.0,
5.389,481.5,10,970.0,
5.491,481.5,10,970.0,
5.591,481.5,10,970.0,
5.692,481.5,10,970.0,
5.793,481.5,10,970.0,
5.886,481.5,10,970.0,
5.992,481.5,10,970.0,
6.093,481.5,10,970.0,
6.187,481.5,10,970.0,
6.289,472.0,10,940.0,
6.39,472.0,10,940.0,
6.491,472.0,10,940.0,
6.592,472.0,10,940.0,
6.693,472.0,10,940.0,
6.786,463.5,10,940.0,
6.888,463.5,10,940.0,
6.991,463.5,10,940.0,
7.092,463.5,10,940.0,
7.186,463.5,10,940.0,
7.286,447.0,10,910.0,
7.387,447.0,10,910.0,
7.489,447.0,10,910.0,
7.59,447.0,10,910.0,
7.694,447.0,10,910.0,
7.788,429.5,10,910.0,
7.888,429.5,10,910.0,
7.989,429.5,10,910.0,
8.091,429.5,10,910.0,
8.192,429.5,9,900.0,golem_death
8.293,429.5,9,900.0,
8.386,429.5,9,900.0,
8.488,429.5,9,900.0,
8.589,429.5,9,900.0,
8.69,429.5,9,900.0,
8.792,416.0,9,900.0,
8.892,416.0,9,900.0,
8.987,416.0,9,900.0,
9.09,416.0,9,900.0,
9.191,416.0,9,870.0,
9.293,416.0,9,870.0,
9.386,416.0,9,870.0,
9.488,416.0,9,870.0,
9.591,416.0,9,870.0,
9.694,416.0,9,870.0,
9.788,402.5,9,870.0,
9.889,402.5,9,870.0,
9.99,397.5,9,870.0,
10.092,397.5,9,840.0,
10.193,397.5,9,840.0,
10.287,397.5,9,840.0,
10.388,397.5,9,840.0,
10.491,397.5,9,840.0,
10.594,397.5,9,840.0,
10.687,397.5,9,840.0,
10.789,388.0,9,840.0,
10.89,388.0,9,840.0,
10.992,378.0,9,840.0,
11.092,378.0,9,810.0,
11.193,378.0,9,810.0,
11.288,378.0,9,810.0,
11.389,378.0,9,810.0,
11.49,378.0,9,810.0,
11.592,365.5,9,810.0,
11.692,365.5,9,810.0,
11.793,365.5,9,810.0,
11.888,365.5,9,810.0,
11.989,357.5,8,800.0,golem_death
12.089,357.5,8,800.0,
12.193,357.5,8,800.0,
12.294,357.5,8,800.0,
12.387,357.5,8,800.0,
12.49,357.5,8,800.0,
12.592,341.0,8,800.0,
12.687,341.0,8,800.0,
12.795,341.0,8,800.0,
12.889,341.0,8,800.0,
12.989,341.0,8,770.0,
13.092,341.0,8,770.0,
13.185,341.0,8,770.0,
13.286,341.0,8,770.0,
13.387,327.5,8,770.0,
13.489,327.5,8,770.0,
13.591,327.5,8,770.0,
13.692,327.5,8,770.0,
13.794,327.5,8,770.0,
13.889,327.5,8,740.0,
13.99,312.0,8,740.0,
14.091,312.0,8,740.0,
14.192,312.0,8,740.0,
14.286,312.0,8,740.0,
14.388,312.0,8,740.0,
14.488,312.0,8,740.0,
14.59,302.5,8,740.0,
14.691,302.5,8,740.0,
14.792,302.5,8,740.0,
14.894,302.5,8,710.0,
14.987,296.5,8,710.0,
15.088,296.5,8,710.0,
15.189,296.5,8,710.0,
15.289,296.5,8,710.0,
15.39,276.0,8,710.0,
15.493,276.0,8,710.0,
15.588,276.0,8,710.0,
15.691,276.0,8,710.0,
15.792,276.0,7,700.0,golem_death
15.893,276.0,7,700.0,
15.987,264.5,7,700.0,
16.088,264.5,7,700.0,
16.19,264.5,7,700.0,
16.292,264.5,7,700.0,
16.386,256.5,7,700.0,
16.486,256.5,7,700.0,
16.589,256.5,7,700.0,
16.69,256.5,7,700.0,
16.792,256.5,7,670.0,
16.893,256.5,7,670.0,
16.986,241.0,7,670.0,
17.087,241.0,7,670.0,
17.189,241.0,7,670.0,
17.29,241.0,7,670.0,
17.392,241.0,7,670.0,
17.486,241.0,7,670.0,
17.594,241.0,7,670.0,
17.688,241.0,7,640.0,
17.789,241.0,7,640.0,
17.891,241.0,7,640.0,
17.992,230.5,7,640.0,
18.093,230.5,7,640.0,
18.186,230.5,7,640.0,
18.288,230.5,7,640.0,
18.389,230.5,7,640.0,
18.491,230.5,7,640.0,
18.593,230.5,7,640.0,
18.687,230.5,7,610.0,
18.79,230.5,7,610.0,
18.892,230.5,7,610.0,
18.993,214.0,7,610.0,
19.088,214.0,7,610.0,
19.19,214.0,7,610.0,
19.29,214.0,7,610.0,
19.393,214.0,7,610.0,
19.488,214.0,7,610.0,
19.589,214.0,6,600.0,golem_death
19.69,214.0,6,600.0,
19.791,214.0,6,600.0,
19.891,214.0,6,600.0,
19.985,214.0,6,600.0,
20.086,214.0,6,600.0,
20.187,214.0,6,600.0,
20.288,214.0,6,600.0,
20.389,192.5,6,600.0,
20.49,192.5,6,600.0,
20.59,192.5,6,570.0,
20.691,192.5,6,570.0,
20.786,192.5,6,570.0,
20.887,192.5,6,570.0,
20.988,192.5,6,570.0,
21.089,192.5,6,570.0,
21.189,192.5,6,570.0,
21.291,192.5,6,570.0,
21.385,184.0,6,570.0,
21.485,184.0,6,540.0,
21.587,184.0,6,540.0,
21.69,172.0,6,540.0,
21.791,172.0,6,540.0,
21.892,172.0,6,540.0,
21.986,172.0,6,540.0,
22.087,172.0,6,540.0,
22.187,172.0,6,540.0,
22.288,172.0,6,540.0,
22.388,156.5,6,540.0,
22.49,156.5,6,510.0,
22.59,156.5,6,510.0,
22.691,156.5,6,510.0,
22.793,156.5,6,510.0,
22.894,156.5,6,510.0,
22.987,156.5,6,510.0,
23.088,156.5,6,510.0,
23.191,156.5,6,510.0,
23.292,156.5,6,510.0,
23.387,143.0,5,500.0,golem_death
23.489,143.0,5,500.0,
23.59,143.0,5,500.0,
23.691,138.0,5,500.0,
23.792,138.0,5,500.0,
23.892,138.0,5,500.0,
23.988,138.0,5,500.0,
24.089,138.0,5,500.0,
24.191,138.0,5,500.0,
24.285,138.0,5,500.0,
24.387,138.0,5,470.0,
24.489,138.0,5,470.0,
24.591,138.0,5,470.0,
24.692,117.5,5,470.0,
24.787,117.5,5,470.0,
24.888,117.5,5,470.0,
24.989,117.5,5,470.0,
25.091,117.5,5,470.0,
25.193,117.5,5,470.0,
25.287,101.0,5,440.0,
25.389,101.0,5,440.0,
25.491,101.0,5,440.0,
25.592,101.0,5,440.0,
25.686,101.0,5,440.0,
25.794,100.0,5,440.0,
25.887,100.0,5,440.0,
25.988,100.0,5,440.0,
26.088,100.0,5,440.0,
26.19,100.0,5,440.0,
26.291,88.5,5,410.0,
26.395,88.5,5,410.0,
26.488,88.5,5,410.0,
26.589,88.5,5,410.0,
26.691,88.5,5,410.0,
26.792,79.5,5,410.0,
26.886,79.5,5,410.0,
26.986,79.5,5,410.0,
27.086,79.5,5,410.0,
27.194,79.5,4,400.0,golem_death
27.287,65.0,4,400.0,
27.39,65.0,4,400.0,
27.49,65.0,4,400.0,
27.592,65.0,4,400.0,
27.686,65.0,4,400.0,
27.794,58.0,4,400.0,
27.887,58.0,4,400.0,
27.988,58.0,4,400.0,
28.09,58.0,4,400.0,
28.191,58.0,4,370.0,
28.292,48.5,4,370.0,
28.394,48.5,4,370.0,
28.488,48.5,4,370.0,
28.59,48.5,4,370.0,
28.692,48.5,4,370.0,
28.785,40.5,4,370.0,
28.894,40.5,4,370.0,
28.987,40.5,4,370.0,
29.088,40.5,4,340.0,
29.19,40.5,4,340.0,
29.291,26.0,4,340.0,
29.392,26.0,4,340.0,
29.485,26.0,4,340.0,
29.586,26.0,4,340.0,
29.686,26.0,4,340.0,
29.787,26.0,4,340.0,
29.888,26.0,4,340.0,
29.989,26.0,4,340.0,
30.09,26.0,4,310.0,
30.191,26.0,4,310.0,
30.288,16.5,4,310.0,
30.391,16.5,4,310.0,
30.492,16.5,4,310.0,
30.593,16.5,4,310.0,
30.687,16.5,4,310.0,
30.79,9.5,4,310.0,
30.891,9.5,4,310.0,
30.992,9.5,3,300.0,golem_death
31.085,9.5,3,300.0,
31.186,9.5,3,300.0,
31.288,9.5,3,300.0,
31.389,9.5,3,300.0,
31.49,9.5,3,300.0,
31.59,9.5,3,300.0,
31.693,9.5,3,300.0,
31.786,1.0,3,300.0,
31.887,1.0,3,300.0,
31.99,1.0,3,270.0,
32.091,1.0,3,270.0,
32.192,1.0,3,270.0,
32.292,1.0,3,270.0,
32.386,1.0,3,270.0,
32.487,1.0,3,270.0,
32.588,1.0,3,270.0,
32.691,1.0,3,270.0,
32.791,0.0,3,270.0,warden_death
32.892,0.0,3,270.0,
32.992,0.0,3,270.0,
33.086,0.0,3,270.0,
33.187,0.0,3,270.0,
33.288,0.0,3,270.0,
33.39,0.0,3,270.0,
33.493,0.0,3,270.0,
33.586,0.0,3,270.0,
33.687,0.0,3,270.0,
33.79,0.0,3,270.0,
33.891,0.0,3,270.0,
33.993,0.0,3,270.0,
34.086,0.0,3,270.0,
34.202,0.0,3,270.0,
34.288,0.0,3,270.0,
34.388,0.0,3,270.0,
34.489,0.0,3,270.0,
34.591,0.0,3,270.0,
34.692,0.0,3,270.0,
34.785,0.0,3,270.0,
34.885,0.0,3,270.0,
34.985,0.0,3,270.0,
35.086,0.0,3,270.0,
35.187,0.0,3,270.0,
35.288,0.0,3,270.0,
35.389,0.0,3,270.0,
35.49,0.0,3,270.0,
35.591,0.0,3,270.0,
35.692,0.0,3,270.0,
35.785,0.0,3,270.0,
35.886,0.0,3,270.0,
