clip_time_s,warden_health,wither_health,event
12.028,500.0,300.0,fight_start
12.144,500.0,300.0,
12.237,500.0,300.0,
12.337,500.0,300.0,
12.439,500.0,300.0,
12.54,500.0,300.0,
12.642,500.0,300.0,
12.744,500.0,300.0,
12.838,500.0,300.0,
12.938,500.0,300.0,
13.039,500.0,300.0,
13.142,500.0,300.0,
13.243,500.0,300.0,
13.337,500.0,300.0,
13.437,500.0,300.0,
13.538,500.0,300.0,
13.639,500.0,300.0,
13.739,500.0,300.0,
13.842,500.0,300.0,
13.943,500.0,300.0,
14.036,500.0,300.0,
14.137,492.0,300.0,
14.238,492.0,300.0,
14.34,492.0,300.0,
14.442,492.0,300.0,
14.542,492.0,300.0,
14.637,484.0,300.0,
14.738,484.0,300.0,
14.838,484.0,300.0,
14.939,484.0,300.0,
15.04,484.0,300.0,
15.142,484.0,300.0,
15.243,484.0,300.0,
15.337,484.0,300.0,
15.438,484.0,300.0,
15.539,484.0,300.0,
15.641,484.0,300.0,
15.742,483.0,300.0,
15.844,483.0,300.0,
15.937,483.0,300.0,
16.038,483.0,300.0,
16.139,476.0,300.0,
16.241,475.0,300.0,
16.341,475.0,300.0,
16.445,475.0,300.0,
16.539,475.0,300.0,
16.641,468.0,300.0,
16.743,460.0,300.0,
16.844,460.0,300.0,
16.937,460.0,300.0,
17.038,460.0,300.0,
17.139,460.0,300.0,
17.24,460.0,300.0,
17.341,460.0,300.0,
17.442,460.0,300.0,
17.543,460.0,300.0,
17.644,460.0,300.0,
17.737,459.0,300.0,
17.838,459.0,300.0,
17.938,459.0,300.0,
18.041,459.0,300.0,
18.143,459.0,300.0,
18.244,459.0,300.0,
18.338,459.0,300.0,
18.44,459.0,300.0,
18.541,459.0,300.0,
18.641,451.0,300.0,
18.742,451.0,300.0,
18.844,451.0,300.0,
18.937,451.0,300.0,
19.037,451.0,300.0,
19.14,451.0,300.0,
19.241,451.0,300.0,
19.344,451.0,300.0,
19.438,451.0,300.0,
19.54,451.0,300.0,
19.642,451.0,300.0,
19.743,450.0,300.0,
19.837,450.0,300.0,
19.938,450.0,300.0,
20.039,450.0,300.0,
20.14,450.0,300.0,
20.241,450.0,300.0,
20.342,450.0,300.0,
20.442,450.0,300.0,
20.543,450.0,300.0,
20.636,442.0,300.0,
20.737,442.0,300.0,
20.839,442.0,300.0,
20.941,442.0,300.0,
21.042,442.0,300.0,
21.143,442.0,300.0,
21.236,434.0,300.0,
21.337,434.0,300.0,
21.437,434.0,300.0,
21.539,434.0,300.0,
21.641,434.0,300.0,
21.741,434.0,300.0,
21.842,434.0,300.0,
21.942,434.0,300.0,
22.044,434.0,300.0,
22.137,434.0,300.0,
22.239,433.0,300.0,
22.34,433.0,300.0,
22.44,433.0,300.0,
22.541,433.0,300.0,
22.642,426.0,300.0,
22.743,426.0,300.0,
22.837,426.0,300.0,
22.937,426.0,300.0,
23.039,426.0,300.0,
23.14,426.0,300.0,
23.264,426.0,300.0,
23.343,426.0,300.0,
23.444,418.0,300.0,
23.537,418.0,300.0,
23.641,418.0,300.0,
23.742,418.0,300.0,
23.843,418.0,300.0,
23.944,418.0,300.0,
24.036,418.0,300.0,
24.138,418.0,300.0,
24.238,418.0,300.0,
24.339,418.0,300.0,
24.441,410.0,300.0,
24.541,410.0,300.0,
24.642,410.0,300.0,
24.743,410.0,300.0,
24.836,410.0,300.0,
24.937,410.0,300.0,
25.038,410.0,300.0,
25.138,410.0,300.0,
25.24,410.0,300.0,
25.341,402.0,300.0,
25.442,402.0,300.0,
25.543,402.0,300.0,
25.636,402.0,300.0,
25.737,402.0,300.0,
25.838,402.0,300.0,
25.939,402.0,300.0,
26.04,402.0,300.0,
26.14,402.0,300.0,
26.244,402.0,300.0,
26.338,402.0,300.0,
26.44,401.0,300.0,
26.541,401.0,300.0,
26.641,394.0,300.0,
26.742,394.0,300.0,
26.842,394.0,300.0,
26.944,386.0,300.0,
27.037,386.0,300.0,
27.139,386.0,300.0,
27.239,386.0,300.0,
27.34,386.0,300.0,
27.441,386.0,300.0,
27.542,386.0,300.0,
27.643,386.0,300.0,
27.743,386.0,300.0,
27.837,386.0,300.0,
27.939,385.0,300.0,
28.04,385.0,300.0,
28.141,385.0,300.0,
28.242,385.0,300.0,
28.342,378.0,300.0,
28.443,378.0,300.0,
28.536,378.0,300.0,
28.637,370.0,300.0,
28.737,370.0,300.0,
28.838,370.0,300.0,
28.939,370.0,300.0,
29.04,370.0,300.0,
29.14,370.0,300.0,
29.242,370.0,300.0,
29.343,370.0,300.0,
29.443,370.0,300.0,
29.536,370.0,300.0,
29.638,369.0,300.0,
29.738,369.0,300.0,
29.839,369.0,300.0,
29.941,369.0,300.0,
30.043,369.0,300.0,
30.144,369.0,300.0,
30.237,369.0,300.0,
30.338,369.0,290.0,
30.438,369.0,290.0,
30.541,369.0,290.0,
30.642,361.0,290.0,
30.744,361.0,290.0,
30.837,361.0,290.0,
30.939,361.0,291.0,
31.04,361.0,291.0,
31.141,361.0,291.0,
31.242,361.0,291.0,
31.344,361.0,291.0,
31.437,353.0,291.0,
31.539,353.0,291.0,
31.64,353.0,291.0,
31.74,353.0,291.0,
31.841,353.0,291.0,
31.944,353.0,292.0,
32.046,353.0,292.0,
32.139,353.0,292.0,
32.241,353.0,292.0,
32.341,353.0,292.0,
32.437,352.0,292.0,
32.538,352.0,292.0,
32.639,345.0,292.0,
32.74,345.0,292.0,
32.841,345.0,292.0,
32.942,345.0,293.0,
33.044,345.0,293.0,
33.138,345.0,293.0,
33.238,345.0,293.0,
33.342,345.0,293.0,
33.443,345.0,293.0,
33.544,345.0,293.0,
33.637,337.0,293.0,
33.737,337.0,293.0,
33.839,337.0,293.0,
33.94,337.0,294.0,
34.041,337.0,294.0,
34.142,337.0,294.0,
34.243,337.0,294.0,
34.336,329.0,294.0,
34.438,329.0,294.0,
34.539,329.0,294.0,
34.642,329.0,294.0,
34.743,329.0,294.0,
34.836,329.0,294.0,
34.937,329.0,295.0,
35.038,329.0,295.0,
35.14,329.0,295.0,
35.241,329.0,295.0,
35.342,328.0,295.0,
35.443,328.0,285.0,
35.544,328.0,285.0,
35.645,328.0,285.0,
35.738,328.0,285.0,
35.839,328.0,285.0,
35.941,328.0,286.0,
36.042,328.0,286.0,
36.145,328.0,286.0,
36.238,328.0,286.0,
36.34,327.0,286.0,
36.442,327.0,286.0,
36.543,327.0,286.0,
36.638,327.0,286.0,
36.738,327.0,286.0,
36.84,327.0,286.0,
36.944,327.0,287.0,
37.038,327.0,287.0,
37.14,327.0,287.0,
37.241,327.0,287.0,
37.343,326.0,287.0,
37.444,326.0,287.0,
37.537,326.0,287.0,
37.639,326.0,287.0,
37.741,326.0,287.0,
37.842,326.0,287.0,
37.943,326.0,288.0,
38.044,326.0,288.0,
38.137,326.0,288.0,
38.238,326.0,288.0,
38.341,325.0,288.0,
38.443,318.0,288.0,
38.543,318.0,288.0,
38.637,318.0,288.0,
38.745,318.0,288.0,
38.839,318.0,288.0,
38.94,318.0,289.0,
39.041,318.0,289.0,
39.142,318.0,289.0,
39.243,318.0,289.0,
39.344,318.0,289.0,
39.437,318.0,289.0,
39.538,317.0,289.0,
39.639,317.0,289.0,
39.739,317.0,289.0,
39.84,317.0,289.0,
39.941,317.0,290.0,
40.042,317.0,290.0,
40.142,317.0,290.0,
40.243,317.0,290.0,
40.337,317.0,290.0,
40.438,317.0,290.0,
40.54,316.0,280.0,
40.641,309.0,280.0,
40.742,309.0,280.0,
40.842,309.0,280.0,
40.944,309.0,281.0,
41.039,307.87225,281.0,
41.142,307.87225,281.0,
41.243,307.87225,281.0,
41.344,307.87225,281.0,
41.437,307.87225,281.0,
41.539,307.87225,281.0,
41.639,306.87225,281.0,
41.74,306.87225,281.0,
41.841,306.87225,281.0,
41.942,306.87225,282.0,
42.043,306.87225,282.0,
42.144,306.87225,282.0,
42.237,306.87225,282.0,
42.337,306.87225,282.0,
42.438,306.87225,282.0,
42.539,306.87225,282.0,
42.64,298.87225,282.0,
42.742,298.87225,282.0,
42.836,298.87225,282.0,
42.937,298.87225,283.0,
43.038,298.87225,283.0,
43.141,298.87225,283.0,
43.241,298.87225,283.0,
43.342,298.87225,283.0,
43.437,298.87225,283.0,
43.538,298.87225,283.0,
43.639,290.87225,283.0,
43.74,290.87225,283.0,
43.84,290.87225,283.0,
43.942,290.87225,284.0,
44.043,290.87225,284.0,
44.137,290.87225,284.0,
44.239,290.87225,284.0,
44.341,290.87225,284.0,
44.442,290.87225,284.0,
44.543,290.87225,284.0,
44.644,282.87225,284.0,
44.737,282.87225,284.0,
44.837,282.87225,284.0,
44.938,282.87225,285.0,
45.039,282.87225,285.0,
45.14,282.87225,285.0,
45.241,282.87225,285.0,
45.343,282.87225,285.0,
45.444,274.87225,285.0,
45.537,274.87225,285.0,
45.639,274.87225,275.0,
45.74,274.87225,275.0,
45.841,274.87225,275.0,
45.942,274.87225,276.0,
46.043,274.87225,276.0,
46.139,274.87225,276.0,
46.239,274.87225,276.0,
46.341,274.87225,276.0,
46.443,274.87225,276.0,
46.544,273.87225,276.0,
46.637,273.87225,276.0,
46.738,273.87225,276.0,
46.84,273.87225,276.0,
46.943,273.87225,277.0,
47.043,273.87225,277.0,
47.137,273.87225,277.0,
47.238,273.87225,277.0,
47.339,273.87225,277.0,
47.441,273.87225,277.0,
47.544,272.87225,277.0,
47.637,272.87225,277.0,
47.739,265.87225,277.0,
47.841,265.87225,277.0,
47.943,265.87225,278.0,
48.044,265.87225,278.0,
48.137,265.87225,278.0,
48.238,265.87225,278.0,
48.338,265.87225,278.0,
48.44,265.87225,278.0,
48.54,265.87225,278.0,
48.641,257.87225,278.0,
48.742,257.87225,278.0,
48.842,257.87225,278.0,
48.937,257.87225,279.0,
49.038,257.87225,279.0,
49.138,257.87225,279.0,
49.239,257.87225,279.0,
49.342,257.87225,279.0,
49.443,257.87225,279.0,
49.544,257.87225,279.0,
49.637,256.87225,279.0,
49.738,249.87225,279.0,
49.839,249.87225,279.0,
49.939,249.87225,280.0,
50.04,249.87225,280.0,
50.141,249.87225,280.0,
50.242,249.87225,280.0,
50.342,249.87225,280.0,
50.444,249.87225,280.0,
50.537,249.87225,280.0,
50.638,241.87225,280.0,
50.739,241.87225,270.0,
50.841,241.87225,270.0,
50.941,241.87225,271.0,
51.042,241.87225,271.0,
51.143,241.87225,271.0,
51.236,241.87225,271.0,
51.339,241.87225,271.0,
51.44,241.87225,271.0,
51.541,241.87225,271.0,
51.645,240.87225,271.0,
51.739,240.87225,271.0,
51.839,240.87225,271.0,
51.941,240.87225,272.0,
52.042,240.87225,272.0,
52.143,240.87225,272.0,
52.238,240.87225,272.0,
52.339,240.87225,272.0,
52.441,240.87225,272.0,
52.543,240.87225,272.0,
52.636,232.87225,272.0,
52.745,232.87225,272.0,
52.838,232.87225,272.0,
52.939,232.87225,273.0,
53.04,232.87225,273.0,
53.141,232.87225,273.0,
53.242,232.87225,273.0,
53.336,224.87225,273.0,
53.437,224.87225,273.0,
53.538,224.87225,273.0,
53.64,224.87225,273.0,
53.741,224.87225,273.0,
53.841,224.87225,273.0,
53.943,224.87225,274.0,
54.037,224.87225,274.0,
54.137,224.87225,274.0,
54.239,224.87225,274.0,
54.342,223.87225,274.0,
54.443,216.87225,274.0,
54.537,216.87225,274.0,
54.639,216.87225,274.0,
54.739,216.87225,274.0,
54.842,216.87225,274.0,
54.943,216.87225,275.0,
55.036,216.87225,275.0,
55.137,216.87225,275.0,
55.239,216.87225,275.0,
55.339,216.87225,275.0,
55.44,208.87225,275.0,
55.543,208.87225,275.0,
55.643,208.87225,275.0,
55.736,208.87225,275.0,
55.837,208.87225,265.0,
55.946,208.87225,266.0,
56.04,208.87225,266.0,
56.143,208.87225,266.0,
56.238,208.87225,266.0,
56.338,208.87225,266.0,
56.44,208.87225,266.0,
56.542,207.87225,266.0,
56.642,207.87225,266.0,
56.744,207.87225,266.0,
56.846,207.87225,266.0,
56.939,207.87225,267.0,
57.042,207.87225,267.0,
57.142,199.87225,267.0,
57.243,199.87225,267.0,
57.336,199.87225,267.0,
57.438,199.87225,267.0,
57.538,199.87225,267.0,
57.64,199.87225,267.0,
57.741,199.87225,267.0,
57.842,199.87225,267.0,
57.944,199.87225,268.0,
58.038,199.87225,268.0,
58.14,199.87225,268.0,
58.24,198.87225,268.0,
58.341,198.87225,268.0,
58.443,198.87225,268.0,
58.536,198.87225,268.0,
58.645,191.87225,268.0,
58.739,191.87225,268.0,
58.843,191.87225,268.0,
58.944,191.87225,269.0,
59.037,191.87225,269.0,
59.138,191.87225,269.0,
59.24,183.87225,269.0,
59.341,183.87225,269.0,
59.441,183.87225,269.0,
59.542,183.87225,269.0,
59.643,183.87225,269.0,
59.744,183.87225,269.0,
59.838,183.87225,269.0,
59.938,183.87225,270.0,
60.039,175.87225,270.0,
60.139,175.87225,270.0,
60.241,175.87225,270.0,
60.342,175.87225,270.0,
60.443,175.87225,270.0,
60.537,175.87225,270.0,
60.638,167.87225,270.0,
60.738,167.87225,270.0,
60.839,167.87225,270.0,
60.94,167.87225,261.0,
61.04,167.87225,261.0,
61.141,167.87225,261.0,
61.241,167.87225,261.0,
61.343,167.87225,261.0,
61.436,166.51514,261.0,
61.537,166.51514,261.0,
61.637,166.51514,261.0,
61.737,166.51514,261.0,
61.838,166.51514,261.0,
61.939,166.51514,262.0,
62.039,158.51514,262.0,
62.14,158.51514,262.0,
62.241,158.51514,262.0,
62.342,158.51514,262.0,
62.442,158.51514,262.0,
62.543,158.51514,262.0,
62.644,150.51514,262.0,
62.737,150.51514,262.0,
62.838,150.51514,262.0,
62.938,150.51514,263.0,
63.039,150.51514,263.0,
63.139,150.51514,263.0,
63.24,150.51514,263.0,
63.34,150.51514,263.0,
63.442,150.51514,263.0,
63.543,150.51514,263.0,
63.643,149.51514,263.0,
63.736,149.51514,263.0,
63.837,149.51514,263.0,
63.937,149.51514,264.0,
64.038,142.51514,264.0,
64.138,142.51514,264.0,
64.239,142.51514,264.0,
64.339,142.51514,264.0,
64.439,142.51514,264.0,
64.54,142.51514,264.0,
64.642,134.51514,264.0,
64.742,134.51514,264.0,
64.843,134.51514,264.0,
64.943,134.51514,265.0,
65.043,134.51514,265.0,
65.136,134.51514,265.0,
65.237,134.51514,265.0,
65.337,134.51514,265.0,
65.438,134.51514,265.0,
65.539,134.51514,265.0,
65.639,133.51514,265.0,
65.74,133.51514,265.0,
65.84,133.51514,265.0,
65.941,133.51514,266.0,
66.042,133.51514,256.0,
66.142,133.51514,256.0,
66.243,125.51514,256.0,
66.343,125.51514,256.0,
66.436,125.51514,256.0,
66.537,125.51514,256.0,
66.638,125.51514,256.0,
66.738,125.51514,256.0,
66.839,125.51514,256.0,
66.939,125.51514,257.0,
67.04,125.51514,257.0,
67.14,125.51514,257.0,
67.242,124.51514,257.0,
67.342,124.51514,257.0,
67.443,124.51514,257.0,
67.543,124.51514,257.0,
67.636,124.51514,257.0,
67.737,124.51514,257.0,
67.837,124.51514,257.0,
67.938,124.51514,258.0,
68.039,124.51514,258.0,
68.139,124.51514,258.0,
68.24,123.51514,258.0,
68.34,123.51514,258.0,
68.441,123.51514,258.0,
68.543,123.51514,258.0,
68.643,116.51514,258.0,
68.744,116.51514,258.0,
68.837,116.51514,258.0,
68.937,116.51514,259.0,
69.038,116.51514,259.0,
69.138,108.51514,259.0,
69.239,108.51514,259.0,
69.34,108.51514,259.0,
69.44,108.51514,259.0,
69.54,108.51514,259.0,
69.641,108.51514,259.0,
69.741,108.51514,259.0,
69.843,108.51514,259.0,
69.943,100.51514,260.0,
70.044,100.51514,260.0,
70.137,100.51514,260.0,
70.237,100.51514,260.0,
70.338,100.51514,260.0,
70.438,100.51514,260.0,
70.539,100.51514,260.0,
70.639,92.51514,260.0,
70.739,92.51514,260.0,
70.84,92.51514,260.0,
70.94,92.51514,261.0,
71.041,92.51514,261.0,
71.143,92.51514,251.0,
71.243,92.51514,251.0,
71.343,92.51514,251.0,
71.436,92.51514,251.0,
71.537,92.51514,251.0,
71.637,91.51514,251.0,
71.738,91.51514,251.0,
71.839,91.51514,251.0,
71.939,91.51514,252.0,
72.04,91.51514,252.0,
72.14,91.51514,252.0,
72.241,91.51514,252.0,
72.341,91.51514,252.0,
72.442,83.51514,252.0,
72.543,83.51514,252.0,
72.643,83.51514,252.0,
72.736,83.51514,252.0,
72.836,83.51514,252.0,
72.937,83.51514,253.0,
73.037,83.51514,253.0,
73.138,83.51514,253.0,
73.238,83.51514,253.0,
73.339,83.51514,253.0,
73.439,82.51514,253.0,
73.54,75.51514,253.0,
73.64,75.51514,253.0,
73.741,75.51514,253.0,
73.842,75.51514,253.0,
73.942,75.51514,254.0,
74.042,75.51514,254.0,
74.143,75.51514,254.0,
74.243,75.51514,254.0,
74.336,75.51514,254.0,
74.437,75.51514,254.0,
74.537,75.51514,254.0,
74.638,67.51514,254.0,
74.738,67.51514,254.0,
74.839,67.51514,254.0,
74.939,67.51514,255.0,
75.04,67.51514,255.0,
75.14,67.51514,255.0,
75.241,67.51514,255.0,
75.341,67.51514,255.0,
75.443,67.51514,255.0,
75.543,59.515137,255.0,
75.644,59.515137,255.0,
75.737,59.515137,255.0,
75.838,59.515137,255.0,
75.938,59.515137,256.0,
76.039,59.515137,256.0,
76.14,59.515137,256.0,
76.24,59.515137,246.0,
76.341,59.515137,246.0,
76.441,59.515137,246.0,
76.542,59.515137,246.0,
76.643,58.515137,246.0,
76.743,58.515137,246.0,
76.836,58.515137,246.0,
76.937,58.515137,247.0,
77.037,58.515137,247.0,
77.138,58.515137,247.0,
77.238,58.515137,247.0,
77.339,58.515137,247.0,
77.439,50.515137,247.0,
77.54,50.515137,247.0,
77.64,50.515137,247.0,
77.741,50.515137,247.0,
77.841,50.515137,247.0,
77.942,50.515137,248.0,
78.042,50.515137,248.0,
78.142,42.515137,248.0,
78.243,42.515137,248.0,
78.344,42.515137,248.0,
78.437,42.515137,248.0,
78.537,42.515137,248.0,
78.638,42.515137,248.0,
78.739,42.515137,248.0,
78.84,42.515137,248.0,
78.94,42.515137,249.0,
79.041,42.515137,249.0,
79.141,42.515137,249.0,
79.242,41.515137,249.0,
79.342,41.515137,249.0,
79.443,41.515137,249.0,
79.543,41.515137,249.0,
79.644,41.515137,249.0,
79.736,41.515137,249.0,
79.837,41.515137,249.0,
79.937,41.515137,250.0,
80.038,33.515137,250.0,
80.139,33.515137,250.0,
80.24,33.515137,250.0,
80.34,33.515137,250.0,
80.44,33.515137,250.0,
80.541,25.515137,250.0,
80.641,25.515137,250.0,
80.742,25.515137,250.0,
80.842,25.515137,250.0,
80.943,25.515137,251.0,
81.043,25.515137,251.0,
81.136,25.515137,251.0,
81.237,25.515137,251.0,
81.338,25.515137,241.0,
81.438,25.515137,241.0,
81.539,25.515137,241.0,
81.639,24.515137,241.0,
81.74,24.515137,241.0,
81.841,24.515137,241.0,
81.941,24.515137,242.0,
82.042,24.515137,242.0,
82.142,24.515137,242.0,
82.243,24.515137,242.0,
82.343,24.515137,242.0,
82.436,24.515137,242.0,
82.536,24.515137,242.0,
82.637,23.515137,242.0,
82.737,23.515137,242.0,
82.838,23.515137,242.0,
82.939,23.515137,243.0,
83.039,23.515137,243.0,
83.14,23.515137,243.0,
83.24,23.515137,243.0,
83.341,23.515137,243.0,
83.441,23.515137,243.0,
83.541,23.515137,243.0,
83.642,22.515137,243.0,
83.742,22.515137,243.0,
83.843,22.515137,243.0,
83.936,22.515137,244.0,
84.037,22.515137,244.0,
84.137,22.515137,244.0,
84.238,22.515137,244.0,
84.338,22.515137,244.0,
84.438,22.515137,244.0,
84.539,22.515137,244.0,
84.639,14.515137,244.0,
84.74,14.515137,244.0,
84.84,14.515137,244.0,
84.941,14.515137,245.0,
85.041,14.515137,245.0,
85.142,14.515137,245.0,
85.243,14.515137,245.0,
85.343,14.515137,245.0,
85.436,14.515137,245.0,
85.537,14.515137,245.0,
85.637,13.515137,245.0,
85.738,13.515137,245.0,
85.838,13.515137,245.0,
85.939,13.515137,246.0,
86.039,13.515137,246.0,
86.14,13.515137,246.0,
86.24,13.515137,246.0,
86.341,13.515137,246.0,
86.441,13.515137,236.0,
86.542,13.515137,236.0,
86.642,5.5151367,236.0,
86.743,5.5151367,236.0,
86.843,5.5151367,236.0,
86.936,5.5151367,237.0,
87.037,5.5151367,237.0,
87.137,5.5151367,237.0,
87.238,5.5151367,237.0,
87.338,5.5151367,237.0,
87.439,5.5151367,237.0,
87.54,5.5151367,237.0,
87.64,4.5151367,237.0,
87.741,4.5151367,237.0,
87.841,4.5151367,237.0,
87.942,4.5151367,238.0,
88.042,4.5151367,238.0,
88.136,4.5151367,238.0,
88.236,4.5151367,238.0,
88.34,4.5151367,238.0,
88.415,4.5151367,238.0,
88.493,4.5151367,238.0,
88.593,0.0,243.0,warden_death
88.693,0.0,243.0,
88.794,0.0,243.0,
88.889,0.0,243.0,
88.99,0.0,244.0,
89.09,0.0,244.0,
89.191,0.0,244.0,
89.292,0.0,244.0,
89.392,0.0,244.0,
89.494,0.0,244.0,
89.587,0.0,244.0,
89.688,0.0,244.0,
89.788,0.0,244.0,
89.889,0.0,244.0,
89.99,0.0,245.0,
90.09,0.0,245.0,
90.191,0.0,245.0,
90.291,0.0,245.0,
90.392,0.0,245.0,
90.493,0.0,245.0,
90.594,0.0,245.0,
90.687,0.0,245.0,
90.787,0.0,245.0,
90.888,0.0,245.0,
90.989,0.0,246.0,
91.089,0.0,246.0,
91.19,0.0,246.0,
91.291,0.0,246.0,
91.391,0.0,246.0,
91.492,0.0,246.0,
91.592,0.0,246.0,
91.693,0.0,246.0,
